Id,Open Date,City,City Group,Type,P1,P2,P3,P4,P5,P6,P7,P8,P9,P10,P11,P12,P13,P14,P15,P16,P17,P18,P19,P20,P21,P22,P23,P24,P25,P26,P27,P28,P29,P30,P31,P32,P33,P34,P35,P36,P37,revenue,high_revenue
0,07/17/1999,İstanbul,Big Cities,IL,4,5.0,4.0,4.0,2,2,5,4,5,5,3,5,5.0,1,2,2,2,4,5,4,1,3,3,1,1,1.0,4.0,2.0,3.0,5,3,4,5,5,4,3,4,5653753.0,True
1,02/14/2008,Ankara,Big Cities,FC,4,5.0,4.0,4.0,1,2,5,5,5,5,1,5,5.0,0,0,0,0,0,3,2,1,3,2,0,0,0.0,0.0,3.0,3.0,0,0,0,0,0,0,0,0,6923131.0,True
2,03/09/2013,Diyarbakır,Other,IL,2,4.0,2.0,5.0,2,3,5,5,5,5,2,5,5.0,0,0,0,0,0,1,1,1,1,1,0,0,0.0,0.0,1.0,3.0,0,0,0,0,0,0,0,0,2055379.0,False
3,02/02/2012,Tokat,Other,IL,6,4.5,6.0,6.0,4,4,10,8,10,10,8,10,7.5,6,4,9,3,12,20,12,6,1,10,2,2,2.5,2.5,2.5,7.5,25,12,10,6,18,12,12,6,2675511.0,False
4,05/09/2009,Gaziantep,Other,IL,3,4.0,3.0,4.0,2,2,5,5,5,5,2,5,5.0,2,1,2,1,4,2,2,1,2,1,2,3,3.0,5.0,1.0,3.0,5,1,3,2,3,4,3,3,4316715.0,True
5,02/12/2010,Ankara,Big Cities,FC,6,6.0,4.5,7.5,8,10,10,8,8,8,10,8,6.0,0,0,0,0,0,5,6,3,1,5,0,0,0.0,0.0,7.5,5.0,0,0,0,0,0,0,0,0,5017319.0,True
6,10/11/2010,İstanbul,Big Cities,IL,2,3.0,4.0,4.0,1,5,5,5,5,5,2,5,5.0,3,4,4,3,4,2,4,1,2,1,5,4,4.0,5.0,1.0,3.0,4,5,2,2,3,5,4,4,5166635.0,True
7,06/21/2011,İstanbul,Big Cities,IL,4,5.0,4.0,5.0,2,3,5,4,4,4,4,3,4.0,0,0,0,0,0,3,5,2,4,2,0,0,0.0,0.0,3.0,2.0,0,0,0,0,0,0,0,0,4491607.0,True
8,08/28/2010,Afyonkarahisar,Other,IL,1,1.0,4.0,4.0,1,2,1,5,5,5,1,5,5.0,1,1,2,1,4,1,1,1,1,1,4,4,4.0,2.0,2.0,3.0,4,5,5,3,4,5,4,5,4952497.0,True
9,11/16/2011,Edirne,Other,IL,6,4.5,6.0,7.5,6,4,10,10,10,10,2,10,7.5,0,0,0,0,0,25,3,3,1,10,0,0,0.0,0.0,5.0,2.5,0,0,0,0,0,0,0,0,5444227.0,True
10,08/09/2013,Kocaeli,Other,FC,9,6.0,6.0,6.0,4,4,10,8,10,10,8,10,7.5,0,0,0,0,0,25,15,15,3,20,0,0,0.0,0.0,10.0,2.5,0,0,0,0,0,0,0,0,3745135.0,False
11,05/22/2012,İstanbul,Big Cities,IL,2,4.0,4.0,4.0,2,5,5,5,5,5,2,5,5.0,2,2,5,2,4,2,5,1,1,3,5,2,3.0,5.0,3.0,3.0,5,5,4,2,3,4,4,2,5161370.0,True
12,02/28/2013,Ankara,Big Cities,IL,2,2.0,4.0,4.0,2,1,5,4,5,5,3,5,5.0,0,0,0,0,0,3,4,1,2,2,0,0,0.0,0.0,1.0,3.0,0,0,0,0,0,0,0,0,1734634.0,False
13,10/16/2010,İstanbul,Big Cities,FC,4,5.0,4.0,4.0,1,3,5,5,5,5,2,5,5.0,0,0,0,0,0,3,4,1,2,1,0,0,0.0,0.0,3.0,3.0,0,0,0,0,0,0,0,0,4807746.0,True
14,12/29/2011,Bursa,Other,FC,2,2.0,4.0,4.0,1,2,5,5,5,5,2,5,5.0,0,0,0,0,0,3,3,1,3,2,0,0,0.0,0.0,2.0,3.0,0,0,0,0,0,0,0,0,1999097.0,False
15,02/07/2012,İstanbul,Big Cities,IL,12,7.5,6.0,6.0,2,10,10,10,10,10,4,10,7.5,3,10,15,3,12,10,9,3,2,5,8,8,10.0,2.5,7.5,7.5,5,15,20,2,12,3,16,4,3218918.0,False
16,01/07/2000,İstanbul,Big Cities,FC,3,5.0,4.0,4.0,2,5,5,4,5,4,3,5,4.0,0,0,0,0,0,1,4,1,1,1,0,0,0.0,0.0,2.0,2.0,0,0,0,0,0,0,0,0,19696939.0,True
17,11/08/2009,İstanbul,Big Cities,FC,2,4.0,4.0,5.0,1,3,5,4,5,5,3,5,5.0,0,0,0,0,0,1,1,1,1,1,0,0,0.0,0.0,1.0,1.0,0,0,0,0,0,0,0,0,8213524.0,True
18,04/21/2012,İzmir,Big Cities,IL,4,5.0,4.0,3.0,1,2,5,5,5,5,2,5,5.0,3,2,3,2,3,4,5,1,4,2,5,3,3.0,3.0,2.0,3.0,3,5,5,4,4,4,3,2,5337526.0,True
19,08/16/2011,Sakarya,Other,IL,2,4.0,4.0,4.0,2,2,5,5,4,4,1,3,4.0,0,0,0,0,0,2,1,1,1,1,0,0,0.0,0.0,2.0,3.0,0,0,0,0,0,0,0,0,2021934.0,False
20,08/25/2010,Elazığ,Other,IL,3,4.0,4.0,4.0,2,2,5,4,5,5,3,5,5.0,3,5,5,4,4,5,5,1,1,5,2,4,1.0,5.0,1.0,3.0,5,1,2,2,4,5,5,4,5525735.0,True
21,01/25/2014,İstanbul,Big Cities,FC,5,5.0,4.0,4.0,2,2,5,4,4,4,4,3,4.0,0,0,0,0,0,4,5,1,3,1,0,0,0.0,0.0,3.0,1.0,0,0,0,0,0,0,0,0,1149870.0,False
22,07/01/2006,Kayseri,Other,FC,9,6.0,6.0,6.0,4,6,10,10,10,10,2,10,7.5,0,0,0,0,0,15,12,3,3,10,0,0,0.0,0.0,7.5,7.5,0,0,0,0,0,0,0,0,3956086.0,False
23,06/03/2009,Sakarya,Other,FC,2,4.0,4.0,4.0,2,2,5,3,4,4,5,4,4.0,0,0,0,0,0,2,2,1,1,1,0,0,0.0,0.0,2.0,3.0,0,0,0,0,0,0,0,0,2999068.0,False
24,09/20/2009,İstanbul,Big Cities,IL,5,5.0,3.0,5.0,2,2,5,5,5,4,2,5,4.0,4,4,4,5,4,5,5,2,2,3,2,2,2.0,5.0,3.0,2.0,5,5,4,4,4,4,5,2,8904084.0,True
25,12/23/2011,Eskişehir,Other,FC,4,4.0,5.0,5.0,2,2,5,5,5,5,2,5,5.0,0,0,0,0,0,3,1,2,1,1,0,0,0.0,0.0,2.0,3.0,0,0,0,0,0,0,0,0,3778621.0,False
26,02/23/2010,Ankara,Big Cities,IL,3,5.0,4.0,5.0,2,3,5,3,5,4,5,5,4.0,3,4,4,1,4,5,5,2,3,2,2,2,2.0,1.0,3.0,3.0,5,5,4,3,3,4,3,1,2267425.0,False
27,10/09/1999,Bursa,Other,FC,4,5.0,4.0,3.0,1,2,5,4,4,5,4,4,5.0,0,0,0,0,0,5,5,5,5,5,0,0,0.0,0.0,4.0,3.0,0,0,0,0,0,0,0,0,5435276.0,True
28,01/28/1998,İstanbul,Big Cities,IL,4,5.0,4.0,4.0,1,3,5,5,4,4,2,4,4.0,3,4,4,2,4,5,5,2,4,3,5,3,4.0,2.0,4.0,2.0,3,5,5,2,3,5,4,4,4705945.0,True
29,10/13/2006,Ankara,Big Cities,FC,1,1.0,4.0,4.0,2,1,1,4,4,4,5,2,4.0,0,0,0,0,0,1,1,1,1,1,0,0,0.0,0.0,1.0,3.0,0,0,0,0,0,0,0,0,3447890.0,False
30,12/01/2008,Sakarya,Other,IL,1,1.0,3.0,3.0,2,1,1,5,5,5,2,5,5.0,0,0,0,0,0,1,1,1,1,1,0,0,0.0,0.0,1.0,3.0,0,0,0,0,0,0,0,0,3008199.0,False
31,12/31/2012,İstanbul,Big Cities,IL,4,5.0,4.0,4.0,1,3,5,5,5,5,2,5,5.0,2,3,3,1,3,4,2,1,2,1,5,2,5.0,2.0,2.0,3.0,4,3,3,2,3,4,3,3,2058644.0,False
32,01/17/2009,Şanlıurfa,Other,FC,3,4.0,3.0,4.0,3,2,5,4,4,4,3,4,4.0,0,0,0,0,0,5,1,1,1,1,0,0,0.0,0.0,1.0,3.0,0,0,0,0,0,0,0,0,3261924.0,False
33,04/23/2013,Samsun,Other,FC,2,3.0,4.0,4.0,2,2,5,5,5,5,1,5,5.0,0,0,0,0,0,3,1,1,2,1,0,0,0.0,0.0,2.0,3.0,0,0,0,0,0,0,0,0,2371202.0,False
34,03/21/2012,İstanbul,Big Cities,FC,4,5.0,4.0,4.0,1,3,5,4,4,5,4,4,5.0,0,0,0,0,0,1,4,1,2,1,0,0,0.0,0.0,4.0,3.0,0,0,0,0,0,0,0,0,4100886.0,False
35,05/08/1996,Adana,Other,IL,4,5.0,4.0,3.0,1,2,5,4,4,5,5,4,5.0,2,2,4,2,4,5,5,4,3,5,3,3,3.0,4.0,3.0,2.0,4,1,3,3,3,4,3,3,3903884.0,False
36,05/09/2008,Ankara,Big Cities,FC,3,5.0,5.0,3.0,1,5,5,5,5,5,2,5,5.0,0,0,0,0,0,2,5,2,4,3,0,0,0.0,0.0,3.0,3.0,0,0,0,0,0,0,0,0,3028267.0,False
37,08/23/2010,Ankara,Big Cities,IL,2,3.0,4.0,3.0,1,5,5,5,5,5,1,5,5.0,1,1,2,1,4,1,3,1,2,5,1,1,1.0,1.0,1.0,3.0,5,5,5,3,4,4,3,1,2740687.0,False
38,01/18/2011,İstanbul,Big Cities,FC,3,5.0,4.0,4.0,2,5,5,4,5,4,3,5,4.0,0,0,0,0,0,1,4,1,1,1,0,0,0.0,0.0,2.0,2.0,0,0,0,0,0,0,0,0,5461700.0,True
39,03/28/2009,İstanbul,Big Cities,IL,4,5.0,4.0,4.0,2,3,5,4,4,4,4,4,4.0,4,4,3,3,3,3,5,1,2,2,3,3,3.0,1.0,2.0,2.0,4,1,2,2,3,4,3,2,3818055.0,False
40,02/09/2011,İstanbul,Big Cities,IL,3,5.0,4.0,4.0,2,2,5,1,4,4,5,2,4.0,4,4,4,3,3,5,5,5,1,1,5,5,5.0,1.0,3.0,2.0,5,5,3,3,3,4,3,2,6836483.0,True
41,06/01/2009,İstanbul,Big Cities,IL,4,5.0,5.0,4.0,1,5,5,3,4,5,5,3,5.0,3,4,5,5,4,5,5,5,5,5,5,3,5.0,1.0,5.0,1.0,5,5,4,3,3,4,4,1,4554237.0,True
42,09/27/2011,İstanbul,Big Cities,IL,12,7.5,6.0,6.0,4,4,10,8,10,10,6,10,7.5,0,0,0,0,0,25,15,6,4,20,0,0,0.0,0.0,7.5,5.0,0,0,0,0,0,0,0,0,4952255.0,True
43,09/24/2009,Ankara,Big Cities,FC,2,4.0,5.0,4.0,1,2,5,5,5,5,2,5,5.0,0,0,0,0,0,1,1,1,2,1,0,0,0.0,0.0,1.0,3.0,0,0,0,0,0,0,0,0,2732645.0,False
44,10/13/2004,Ankara,Big Cities,IL,2,3.0,5.0,3.0,1,5,5,5,5,5,1,5,5.0,1,1,3,1,4,1,3,1,2,1,1,1,1.0,1.0,2.0,3.0,3,5,5,2,3,4,3,4,4264176.0,True
45,02/02/2012,Antalya,Other,FC,6,6.0,6.0,4.5,2,8,10,10,10,8,4,10,6.0,0,0,0,0,0,5,15,3,2,5,0,0,0.0,0.0,5.0,7.5,0,0,0,0,0,0,0,0,3752885.0,False
46,08/25/2011,İzmir,Big Cities,IL,3,5.0,5.0,3.0,1,2,5,5,5,5,2,5,5.0,2,2,4,2,4,2,5,2,4,2,1,1,1.0,4.0,3.0,3.0,5,5,4,2,2,4,3,3,4250758.0,False
47,12/23/2009,İzmir,Big Cities,IL,4,5.0,5.0,3.0,1,2,5,4,5,5,3,5,5.0,4,4,3,5,4,3,5,3,5,5,4,4,4.0,4.0,5.0,3.0,4,1,2,2,3,5,5,1,7865428.0,True
48,12/21/2011,Kayseri,Other,FC,4,5.0,4.0,4.0,2,2,5,4,4,5,4,4,5.0,0,0,0,0,0,5,5,3,3,5,0,0,0.0,0.0,4.0,3.0,0,0,0,0,0,0,0,0,7201784.0,True
49,04/01/2008,İstanbul,Big Cities,FC,12,7.5,6.0,6.0,2,8,10,10,10,10,4,10,7.5,0,0,0,0,0,15,3,3,3,5,0,0,0.0,0.0,7.5,7.5,0,0,0,0,0,0,0,0,8630682.0,True
50,05/01/2010,Ankara,Big Cities,IL,3,5.0,4.0,5.0,3,4,5,4,4,4,5,4,4.0,1,1,2,1,1,5,5,1,3,2,2,2,2.0,1.0,3.0,3.0,5,2,3,2,2,2,3,3,2156098.0,False
51,11/08/2011,Kastamonu,Other,IL,2,2.0,4.0,4.0,2,2,4,4,5,5,4,5,5.0,0,0,0,0,0,5,4,2,1,2,0,0,0.0,0.0,1.0,3.0,0,0,0,0,0,0,0,0,3273041.0,False
52,11/12/2013,Uşak,Other,FC,2,3.0,4.0,4.0,2,1,1,4,4,5,3,4,5.0,0,0,0,0,0,1,1,1,1,1,0,0,0.0,0.0,1.0,3.0,0,0,0,0,0,0,0,0,1763231.0,False
53,03/29/2013,Samsun,Other,FC,3,4.0,4.0,3.0,1,2,5,5,5,5,2,5,5.0,0,0,0,0,0,2,4,2,1,1,0,0,0.0,0.0,3.0,3.0,0,0,0,0,0,0,0,0,5595267.0,True
54,06/05/1999,Muğla,Other,IL,2,4.0,5.0,4.0,1,1,3,4,4,4,4,2,3.0,0,0,0,0,0,1,2,2,1,1,0,0,0.0,0.0,2.0,3.0,0,0,0,0,0,0,0,0,4651866.0,True
55,08/12/2008,İstanbul,Big Cities,FC,2,4.0,4.0,4.0,1,4,5,5,5,5,1,5,5.0,0,0,0,0,0,1,1,1,1,1,0,0,0.0,0.0,3.0,3.0,0,0,0,0,0,0,0,0,6941173.0,True
56,03/16/2013,İstanbul,Big Cities,IL,4,5.0,4.0,4.0,2,2,5,4,4,4,5,3,4.0,0,0,0,0,0,4,5,2,2,2,0,0,0.0,0.0,3.0,3.0,0,0,0,0,0,0,0,0,2390534.0,False
57,06/21/2008,Antalya,Other,FC,2,3.0,4.0,3.0,1,4,5,5,5,5,2,5,5.0,0,0,0,0,0,1,2,1,1,1,0,0,0.0,0.0,3.0,2.0,0,0,0,0,0,0,0,0,3258837.0,False
58,04/11/2012,İstanbul,Big Cities,FC,3,4.0,4.0,5.0,2,2,5,5,5,5,2,5,5.0,0,0,0,0,0,1,3,1,3,1,0,0,0.0,0.0,2.0,3.0,0,0,0,0,0,0,0,0,3004429.0,False
59,12/01/2007,İstanbul,Big Cities,FC,4,5.0,4.0,4.0,1,3,5,5,5,5,2,5,5.0,0,0,0,0,0,3,3,1,3,1,0,0,0.0,0.0,2.0,3.0,0,0,0,0,0,0,0,0,3600467.0,False
60,05/01/2012,Ankara,Big Cities,IL,12,7.5,6.0,6.0,2,6,10,8,10,10,6,10,7.5,6,4,9,3,12,10,15,6,3,10,4,4,5.0,2.5,5.0,7.5,10,15,20,4,18,12,12,2,3164972.0,False
61,05/30/2008,İstanbul,Big Cities,FC,12,7.5,6.0,6.0,4,6,10,8,8,8,6,8,6.0,0,0,0,0,0,15,12,3,2,5,0,0,0.0,0.0,7.5,5.0,0,0,0,0,0,0,0,0,4350573.0,True
62,11/15/2010,Sakarya,Other,FC,2,4.0,4.0,4.0,2,3,5,5,5,4,2,5,4.0,4,1,2,2,4,3,1,1,1,1,3,3,3.0,1.0,2.0,3.0,1,1,3,2,3,1,3,3,5286212.0,True
63,08/05/2013,Kırklareli,Other,FC,2,2.0,4.0,4.0,3,1,4,5,5,5,2,5,5.0,0,0,0,0,0,2,1,1,1,1,0,0,0.0,0.0,1.0,3.0,0,0,0,0,0,0,0,0,1619683.0,False
64,07/13/1998,İstanbul,Big Cities,IL,12,7.5,6.0,6.0,2,8,10,10,10,10,4,10,7.5,15,10,15,15,12,10,9,6,3,5,10,10,12.5,5.0,5.0,7.5,20,15,25,4,24,15,20,6,2551252.0,False
65,12/21/2013,İzmir,Big Cities,FC,3,5.0,4.0,3.0,1,2,5,5,5,5,1,5,5.0,0,0,0,0,0,1,1,1,1,1,0,0,0.0,0.0,1.0,3.0,0,0,0,0,0,0,0,0,1756069.0,False
66,01/09/2010,Konya,Other,FC,2,2.0,4.0,3.0,1,1,1,4,5,5,3,5,5.0,0,0,0,0,0,4,3,1,1,2,0,0,0.0,0.0,2.0,3.0,0,0,0,0,0,0,0,0,1882131.0,False
67,03/01/2011,İstanbul,Big Cities,FC,4,5.0,4.0,5.0,2,4,5,4,4,4,3,3,4.0,0,0,0,0,0,5,5,3,5,3,0,0,0.0,0.0,5.0,1.0,0,0,0,0,0,0,0,0,4052733.0,False
68,03/16/2010,İstanbul,Big Cities,IL,2,4.0,3.0,4.0,2,3,5,5,5,4,1,5,4.0,2,2,2,1,4,2,1,1,2,1,5,3,5.0,5.0,2.0,3.0,5,5,5,4,4,4,3,4,3836721.0,False
69,08/30/2011,Konya,Other,IL,2,2.0,4.0,5.0,4,2,5,5,5,5,1,5,5.0,0,0,0,0,0,3,1,1,2,1,0,0,0.0,0.0,2.0,3.0,0,0,0,0,0,0,0,0,3452382.0,False
70,11/27/2006,İstanbul,Big Cities,FC,4,5.0,4.0,4.0,1,4,5,5,5,5,2,5,5.0,0,0,0,0,0,3,5,1,4,2,0,0,0.0,0.0,3.0,3.0,0,0,0,0,0,0,0,0,3982767.0,False
71,12/06/2006,İstanbul,Big Cities,IL,12,7.5,6.0,6.0,2,10,10,10,10,10,4,10,7.5,9,8,12,3,12,10,9,6,3,5,8,8,10.0,10.0,10.0,7.5,5,6,10,6,18,12,12,6,4136425.0,False
72,08/05/2009,İzmir,Big Cities,IL,3,5.0,4.0,4.0,2,2,5,3,4,5,5,4,5.0,3,2,3,1,4,4,5,5,3,5,5,2,5.0,3.0,5.0,1.0,4,3,3,2,3,4,3,1,2525375.0,False
73,10/04/2011,Ankara,Big Cities,FC,4,5.0,4.0,5.0,2,2,5,3,4,5,5,4,5.0,0,0,0,0,0,5,5,5,5,5,0,0,0.0,0.0,5.0,0.0,0,0,0,0,0,0,0,0,3347767.0,False
74,12/01/2011,İstanbul,Big Cities,IL,12,7.5,6.0,6.0,2,8,10,8,8,8,8,8,6.0,12,10,12,9,9,20,15,6,4,25,10,8,10.0,2.5,12.5,2.5,20,9,15,4,12,12,12,4,5500818.0,True
75,10/15/2005,İstanbul,Big Cities,FC,5,5.0,4.0,5.0,1,4,5,3,4,4,5,3,4.0,0,0,0,0,0,5,5,5,5,4,0,0,0.0,0.0,5.0,0.0,0,0,0,0,0,0,0,0,16549064.0,True
76,11/25/2008,İstanbul,Big Cities,FC,2,2.0,4.0,4.0,2,2,5,5,5,5,2,5,5.0,0,0,0,0,0,3,4,1,2,1,0,0,0.0,0.0,2.0,3.0,0,0,0,0,0,0,0,0,4590423.0,True
77,10/25/2013,Ankara,Big Cities,FC,3,5.0,3.0,5.0,3,4,5,4,4,4,5,4,4.0,0,0,0,0,0,5,5,1,3,1,0,0,0.0,0.0,3.0,2.0,0,0,0,0,0,0,0,0,1904842.0,False
78,09/29/2012,Ankara,Big Cities,IL,9,7.5,6.0,7.5,8,6,10,10,8,8,4,6,6.0,3,2,9,3,12,25,12,6,2,10,4,4,5.0,2.5,7.5,2.5,20,9,20,4,18,12,12,2,3871344.0,False
79,01/25/2010,Adana,Other,IL,4,5.0,4.0,3.0,1,3,5,5,5,5,1,5,5.0,2,2,4,2,4,3,3,1,4,4,3,3,3.0,2.0,2.0,3.0,4,5,5,3,3,4,4,3,6313221.0,True
80,10/16/2009,İstanbul,Big Cities,FC,4,5.0,4.0,5.0,1,3,5,5,5,5,2,5,5.0,0,0,0,0,0,3,5,2,5,3,0,0,0.0,0.0,5.0,1.0,0,0,0,0,0,0,0,0,3727364.0,False
81,12/16/2005,İstanbul,Big Cities,FC,2,4.0,4.0,4.0,1,3,5,4,5,5,3,5,5.0,0,0,0,0,0,2,4,2,2,1,0,0,0.0,0.0,2.0,3.0,0,0,0,0,0,0,0,0,4066618.0,False
82,02/23/2010,Karabük,Other,FC,2,2.0,4.0,3.0,2,1,5,4,5,5,5,5,5.0,0,0,0,0,0,5,4,2,2,2,0,0,0.0,0.0,2.0,3.0,0,0,0,0,0,0,0,0,3807496.0,False
83,08/12/1998,İstanbul,Big Cities,IL,2,4.0,4.0,4.0,2,5,5,4,5,4,3,5,4.0,4,4,5,5,5,2,4,1,2,1,5,5,5.0,1.0,2.0,3.0,5,5,5,3,4,4,5,3,5966193.0,True
84,10/09/2009,İzmir,Big Cities,IL,4,4.0,5.0,3.0,1,3,5,5,5,5,2,5,5.0,3,2,4,1,4,1,3,2,2,3,3,2,3.0,5.0,2.0,3.0,4,3,3,2,4,4,3,1,4250553.0,False
85,01/07/2000,İstanbul,Big Cities,FC,3,5.0,4.0,4.0,2,5,5,4,5,4,3,5,4.0,0,0,0,0,0,1,4,1,1,1,0,0,0.0,0.0,2.0,3.0,0,0,0,0,0,0,0,0,7495092.0,True
86,07/26/2011,Bursa,Other,FC,3,3.0,4.0,4.0,2,2,5,4,5,5,3,5,5.0,0,0,0,0,0,3,5,1,3,2,0,0,0.0,0.0,2.0,3.0,0,0,0,0,0,0,0,0,3351383.0,False
87,02/11/2008,İstanbul,Big Cities,FC,5,5.0,4.0,4.0,1,3,5,5,4,4,2,4,4.0,0,0,0,0,0,5,5,3,4,2,0,0,0.0,0.0,5.0,2.0,0,0,0,0,0,0,0,0,5906596.0,True
88,07/10/2013,Antalya,Other,FC,1,2.0,5.0,4.0,1,2,1,4,5,5,3,5,5.0,0,0,0,0,0,1,1,1,1,1,0,0,0.0,0.0,1.0,2.0,0,0,0,0,0,0,0,0,2025297.0,False
89,05/11/2009,İstanbul,Big Cities,IL,1,1.0,4.0,3.0,1,2,1,5,5,5,1,5,5.0,1,1,1,1,1,2,1,1,1,1,1,1,1.0,5.0,1.0,3.0,5,4,4,3,3,4,2,3,2364478.0,False
90,08/08/2013,İstanbul,Big Cities,FC,12,7.5,6.0,6.0,2,8,10,10,8,8,4,8,6.0,0,0,0,0,0,15,9,3,3,5,0,0,0.0,0.0,5.0,7.5,0,0,0,0,0,0,0,0,3426169.0,False
91,06/20/2007,Bursa,Other,IL,3,5.0,4.0,4.0,1,2,5,5,5,5,1,5,5.0,0,0,0,0,0,3,2,1,2,2,0,0,0.0,0.0,1.0,3.0,0,0,0,0,0,0,0,0,2083447.0,False
92,11/01/2002,İstanbul,Big Cities,FC,12,7.5,7.5,6.0,2,10,10,8,8,10,8,8,7.5,0,0,0,0,0,25,15,6,3,25,0,0,0.0,0.0,10.0,7.5,0,0,0,0,0,0,0,0,6782425.0,True
93,10/14/2012,Tekirdağ,Other,IL,3,4.0,4.0,4.0,1,2,5,4,4,5,4,4,5.0,5,5,3,2,4,3,5,1,3,1,2,2,2.0,1.0,2.0,2.0,3,1,4,3,4,5,5,3,3410878.0,False
94,08/08/2011,Samsun,Other,FC,2,3.0,4.0,4.0,2,2,5,5,5,5,1,5,5.0,3,2,4,1,3,3,2,1,2,1,5,1,2.0,5.0,1.0,3.0,4,4,3,4,4,4,3,5,3753720.0,False
95,06/08/2012,Samsun,Other,FC,2,4.0,4.0,4.0,2,2,5,5,5,5,2,5,5.0,0,0,0,0,0,1,1,1,1,1,0,0,0.0,0.0,1.0,3.0,0,0,0,0,0,0,0,0,1270499.0,False
96,11/27/2011,Diyarbakır,Other,FC,4,5.0,2.0,4.0,2,2,5,4,4,4,3,4,4.0,0,0,0,0,0,3,2,1,2,3,0,0,0.0,0.0,2.0,2.0,0,0,0,0,0,0,0,0,6412623.0,True
97,01/26/2009,İstanbul,Big Cities,FC,3,5.0,4.0,4.0,1,4,5,4,5,4,4,5,4.0,0,0,0,0,0,4,5,2,4,5,0,0,0.0,0.0,5.0,1.0,0,0,0,0,0,0,0,0,6694797.0,True
98,03/11/2011,Denizli,Other,FC,3,4.0,4.0,4.0,1,2,5,2,4,5,5,4,5.0,0,0,0,0,0,3,5,1,3,1,0,0,0.0,0.0,2.0,3.0,0,0,0,0,0,0,0,0,2344689.0,False
99,12/18/1999,İstanbul,Big Cities,IL,4,5.0,4.0,4.0,2,4,5,4,4,4,5,3,4.0,5,5,5,5,5,5,5,5,3,1,5,5,5.0,1.0,5.0,1.0,5,5,4,2,5,5,5,3,13575224.0,True
100,09/21/2007,İstanbul,Big Cities,FC,3,5.0,4.0,4.0,2,5,5,5,5,5,2,5,5.0,0,0,0,0,0,4,5,2,2,1,0,0,0.0,0.0,4.0,3.0,0,0,0,0,0,0,0,0,9652350.0,True
101,09/09/2012,Balıkesir,Other,IL,3,4.0,5.0,4.0,2,2,5,4,5,5,4,5,5.0,5,4,5,5,4,5,5,4,2,5,1,1,1.0,0.0,2.0,3.0,5,5,5,5,4,5,5,4,4758476.0,True
102,09/11/2004,Diyarbakır,Other,FC,4,5.0,2.0,5.0,2,2,5,4,4,4,3,4,4.0,0,0,0,0,0,4,4,1,2,3,0,0,0.0,0.0,1.0,3.0,0,0,0,0,0,0,0,0,2738052.0,False
103,12/06/2011,Tekirdağ,Other,FC,2,4.0,4.0,4.0,1,2,5,5,5,5,2,5,5.0,0,0,0,0,0,2,3,1,2,1,0,0,0.0,0.0,2.0,2.0,0,0,0,0,0,0,0,0,4429512.0,True
104,01/22/2007,Adana,Other,IL,4,5.0,4.0,3.0,1,3,5,5,5,5,2,5,5.0,1,2,2,1,3,2,5,1,3,4,1,1,4.0,3.0,2.0,3.0,5,5,3,3,5,4,3,2,4467728.0,True
105,03/15/2008,Aydın,Other,FC,1,2.0,5.0,3.0,1,2,1,5,5,5,1,5,5.0,0,0,0,0,0,1,1,1,1,1,0,0,0.0,0.0,1.0,2.0,0,0,0,0,0,0,0,0,2792031.0,False
106,06/15/2008,Antalya,Other,FC,3,3.0,6.0,6.0,4,2,2,8,10,10,6,10,7.5,0,0,0,0,0,5,3,3,1,5,0,0,0.0,0.0,2.5,7.5,0,0,0,0,0,0,0,0,4888774.0,True
107,05/01/2011,Samsun,Other,IL,4,4.0,4.0,4.0,1,2,5,4,5,5,3,5,5.0,3,5,5,3,4,5,5,3,3,5,2,2,2.0,3.0,3.0,1.0,5,5,5,3,4,4,4,3,3248660.0,False
108,07/09/2012,Muğla,Other,FC,1,2.0,5.0,4.0,1,2,1,5,4,4,2,4,3.0,0,0,0,0,0,1,1,1,1,1,0,0,0.0,0.0,2.0,3.0,0,0,0,0,0,0,0,0,3570392.0,False
109,08/25/2007,Ankara,Big Cities,FC,2,4.0,3.0,5.0,4,5,5,4,4,4,5,4,4.0,0,0,0,0,0,1,2,1,1,1,0,0,0.0,0.0,3.0,2.0,0,0,0,0,0,0,0,0,4219263.0,False
110,09/26/2012,Amasya,Other,IL,6,3.0,6.0,6.0,4,4,10,8,10,10,6,10,7.5,9,8,12,3,12,10,12,6,1,10,2,2,2.5,2.5,5.0,7.5,15,3,15,6,18,12,16,6,2954086.0,False
111,08/10/2012,Kütahya,Other,FC,2,3.0,4.0,4.0,2,1,5,5,5,5,1,5,5.0,0,0,0,0,0,1,1,1,1,1,0,0,0.0,0.0,2.0,3.0,0,0,0,0,0,0,0,0,2993069.0,False
112,03/14/1998,İstanbul,Big Cities,IL,4,5.0,5.0,4.0,1,5,5,5,4,4,2,4,4.0,3,4,2,1,4,2,3,2,2,1,3,3,4.0,5.0,3.0,3.0,3,2,1,2,2,1,3,3,3784230.0,False
113,12/09/2006,Tekirdağ,Other,FC,3,4.0,4.0,4.0,1,2,5,5,5,5,2,5,5.0,0,0,0,0,0,2,3,1,2,1,0,0,0.0,0.0,2.0,2.0,0,0,0,0,0,0,0,0,2097022.0,False
114,12/06/2008,Eskişehir,Other,IL,4,5.0,5.0,4.0,2,2,5,4,5,5,3,5,5.0,3,4,3,1,3,5,5,4,5,5,3,3,3.0,2.0,4.0,1.0,5,3,3,2,3,4,3,1,4155435.0,False
115,05/04/2012,İstanbul,Big Cities,IL,6,4.5,6.0,6.0,4,8,10,10,10,10,4,10,7.5,6,4,12,6,12,5,9,3,2,5,8,8,10.0,12.5,5.0,7.5,25,15,25,4,18,12,16,8,4882985.0,True
116,03/30/2012,İzmir,Big Cities,FC,2,4.0,4.0,4.0,2,2,5,4,4,5,3,4,5.0,0,0,0,0,0,2,2,1,1,1,0,0,0.0,0.0,3.0,3.0,0,0,0,0,0,0,0,0,8894598.0,True
117,12/27/2005,Ankara,Big Cities,IL,3,5.0,4.0,5.0,3,3,5,4,4,5,4,2,5.0,1,3,3,1,4,5,5,4,2,2,1,1,1.0,1.0,3.0,1.0,3,3,3,2,3,4,3,1,2018785.0,False
118,12/25/2009,İstanbul,Big Cities,IL,12,7.5,7.5,4.5,2,10,10,10,10,10,4,10,7.5,3,4,9,3,3,10,15,3,4,5,6,4,7.5,5.0,10.0,5.0,25,6,10,4,18,12,12,2,1847826.0,False
119,01/03/2014,İstanbul,Big Cities,IL,4,5.0,4.0,4.0,2,3,5,5,5,5,1,5,5.0,0,0,0,0,0,2,2,2,1,1,0,0,0.0,0.0,2.0,3.0,0,0,0,0,0,0,0,0,3780019.0,False
120,08/18/2011,Aydın,Other,FC,2,3.0,4.0,4.0,2,2,5,4,5,5,3,5,5.0,0,0,0,0,0,5,4,2,2,3,0,0,0.0,0.0,2.0,3.0,0,0,0,0,0,0,0,0,4067566.0,False
121,11/13/2004,İzmir,Big Cities,FC,2,4.0,4.0,4.0,2,3,5,5,5,4,2,5,4.0,0,0,0,0,0,2,2,1,1,1,0,0,0.0,0.0,2.0,3.0,0,0,0,0,0,0,0,0,3445076.0,False
122,04/10/1997,İstanbul,Big Cities,IL,12,7.5,6.0,7.5,2,8,10,8,8,8,10,6,6.0,15,8,12,6,9,25,15,9,5,15,6,10,10.0,5.0,12.5,2.5,25,15,25,6,18,3,16,6,4286645.0,True
123,11/05/2011,Bolu,Other,FC,1,1.0,4.0,3.0,1,1,1,4,5,5,3,5,5.0,0,0,0,0,0,1,1,1,1,1,0,0,0.0,0.0,2.0,3.0,0,0,0,0,0,0,0,0,4263629.0,False
124,08/18/2005,Ankara,Big Cities,DT,1,3.0,0.0,5.0,5,5,1,5,5,5,2,5,5.0,0,0,0,0,0,1,2,2,1,2,0,0,0.0,0.0,2.0,3.0,0,0,0,0,0,0,0,0,3810007.0,False
125,09/01/2010,Trabzon,Other,IL,9,6.0,6.0,6.0,4,6,10,6,8,10,10,8,7.5,9,10,15,3,12,15,15,9,2,25,6,4,7.5,2.5,5.0,7.5,20,9,15,4,24,12,16,2,4780607.0,True
126,07/20/2008,Isparta,Other,IL,3,3.0,4.0,4.0,2,2,5,4,5,5,3,5,5.0,1,5,4,2,4,5,5,2,1,4,3,3,3.0,2.0,2.0,3.0,5,5,5,4,2,5,3,2,4015749.0,False
127,09/07/2007,Bursa,Other,FC,3,4.0,4.0,4.0,2,2,5,5,5,5,1,5,5.0,0,0,0,0,0,3,2,1,2,1,0,0,0.0,0.0,3.0,3.0,0,0,0,0,0,0,0,0,7592272.0,True
128,10/14/2011,Ankara,Big Cities,FC,2,4.0,4.0,4.0,1,2,5,5,5,5,1,5,5.0,0,0,0,0,0,1,1,1,1,1,0,0,0.0,0.0,3.0,2.0,0,0,0,0,0,0,0,0,2383840.0,False
129,02/08/2007,Eskişehir,Other,FC,4,5.0,5.0,4.0,2,2,5,4,5,5,3,5,5.0,0,0,0,0,0,5,5,4,5,5,0,0,0.0,0.0,4.0,1.0,0,0,0,0,0,0,0,0,3939804.0,False
130,10/29/2011,Osmaniye,Other,FC,3,4.0,3.0,4.0,2,1,5,5,5,5,2,5,5.0,0,0,0,0,0,3,1,1,1,1,0,0,0.0,0.0,2.0,3.0,0,0,0,0,0,0,0,0,3376145.0,False
131,11/06/2002,Ankara,Big Cities,FC,3,4.0,4.0,5.0,3,4,5,4,4,4,5,4,4.0,0,0,0,0,0,4,5,1,2,1,0,0,0.0,0.0,3.0,2.0,0,0,0,0,0,0,0,0,3199619.0,False
132,06/25/2008,Trabzon,Other,FC,2,3.0,3.0,5.0,4,2,4,4,4,4,4,4,4.0,0,0,0,0,0,4,3,2,1,1,0,0,0.0,0.0,2.0,3.0,0,0,0,0,0,0,0,0,5787594.0,True
133,10/12/2006,İzmir,Big Cities,FC,4,5.0,4.0,4.0,2,3,5,4,4,5,5,4,5.0,0,0,0,0,0,3,2,2,1,1,0,0,0.0,0.0,3.0,3.0,0,0,0,0,0,0,0,0,9262754.0,True
134,07/08/2006,Kayseri,Other,FC,3,4.0,4.0,4.0,2,3,5,5,5,5,1,5,5.0,0,0,0,0,0,2,3,1,2,2,0,0,0.0,0.0,2.0,3.0,0,0,0,0,0,0,0,0,2544857.0,False
135,10/29/2010,İstanbul,Big Cities,FC,4,5.0,4.0,5.0,2,2,5,5,5,5,2,5,5.0,0,0,0,0,0,1,1,1,1,1,0,0,0.0,0.0,3.0,3.0,0,0,0,0,0,0,0,0,7217634.0,True
136,09/01/2009,İstanbul,Big Cities,FC,4,5.0,3.0,5.0,2,2,5,4,4,5,4,4,5.0,0,0,0,0,0,2,1,1,1,1,0,0,0.0,0.0,3.0,3.0,0,0,0,0,0,0,0,0,6363241.0,True
